Name	Protein id	Contig id	Start	Stop	Strand	Element symbol	Element name	Scope	Type	Subtype	Class	Subclass	Method	Target length	Reference sequence length	% Coverage of reference	% Identity to reference	Alignment length	Closest reference accession	Closest reference name	HMM accession	HMM description
hwtest	hwtest_00177	gnl|Bactopia|hwtest_1	202126	203547	+	espX1	type III secretion system effector EspX1	plus	VIRULENCE	VIRULENCE	NA	NA	BLASTP	473	473	100.00	99.79	473	ADD54679.1	type III secretion system effector EspX1	NA	NA
hwtest	hwtest_00264	gnl|Bactopia|hwtest_1	293694	294926	+	mdtM	multidrug efflux MFS transporter MdtM	plus	AMR	AMR	EFFLUX	EFFLUX	BLASTP	410	410	100.00	98.05	410	AAC77293.1	multidrug efflux MFS transporter MdtM	NA	NA
hwtest	NA	gnl|Bactopia|hwtest_1	380124	380237	+	astA	heat-stable enterotoxin EAST1	plus	VIRULENCE	VIRULENCE	NA	NA	EXACTX	38	38	100.00	100.00	38	AAM88299.1	heat-stable enterotoxin EAST1	NA	NA
hwtest	hwtest_00461	gnl|Bactopia|hwtest_1	520974	522107	+	blaEC	BlaEC family class C beta-lactamase	plus	AMR	AMR	BETA-LACTAM	BETA-LACTAM	BLASTP	377	377	100.00	98.14	377	WP_063610930.1	extended-spectrum class C beta-lactamase EC-15	NF000185.2	BlaEC family class C beta-lactamase
hwtest	hwtest_02905	gnl|Bactopia|hwtest_11	115475	117361	+	acrF	multidrug efflux RND transporter permease subunit AcrF	plus	AMR	AMR	EFFLUX	EFFLUX	INTERNAL_STOP	628	1034	59.96	99.19	620	AAC76298.1	multidrug efflux RND transporter permease subunit AcrF	NA	NA
hwtest	hwtest_03505	gnl|Bactopia|hwtest_18	21669	22571	-	fieF	CDF family cation-efflux transporter FieF	plus	STRESS	METAL	NA	NA	EXACTP	300	300	100.00	100.00	300	BAE77395.1	CDF family cation-efflux transporter FieF	NA	NA
hwtest	hwtest_04056	gnl|Bactopia|hwtest_25	55489	56142	+	espJ	type III secretion system effector ADP-ribosyltransferase EspJ	plus	VIRULENCE	VIRULENCE	NA	NA	EXACTP	217	217	100.00	100.00	217	AAG56990.1	type III secretion system effector ADP-ribosyltransferase EspJ	NA	NA
hwtest	hwtest_04121	gnl|Bactopia|hwtest_27	11436	13526	+	iha	bifunctional siderophore receptor/adhesin Iha	plus	VIRULENCE	VIRULENCE	NA	NA	EXACTP	696	696	100.00	100.00	696	AAG55323.1	bifunctional siderophore receptor/adhesin Iha	NA	NA
hwtest	hwtest_04124	gnl|Bactopia|hwtest_27	15492	16070	-	terD	tellurium resistance membrane protein TerD	plus	STRESS	METAL	TELLURIUM	TELLURIUM	BLASTP	192	192	100.00	95.31	192	AAA98292.1	tellurium resistance membrane protein TerD	NA	NA
hwtest	hwtest_04128	gnl|Bactopia|hwtest_27	18817	19398	-	terZ	tellurium resistance-associated protein TerZ	plus	STRESS	METAL	TELLURIUM	TELLURIUM	BLASTP	193	193	100.00	98.96	193	AAA86846.1	tellurium resistance-associated protein TerZ	NA	NA
hwtest	hwtest_04135	gnl|Bactopia|hwtest_27	25971	26438	+	terW	tellurium resistance protein TerW	plus	STRESS	METAL	TELLURIUM	TELLURIUM	BLASTP	155	155	100.00	99.35	155	AAC44736.1	tellurium resistance protein TerW	NA	NA
hwtest	hwtest_04232	gnl|Bactopia|hwtest_29	33070	37323	-	fdeC	inverse autotransporter adhesin FdeC	plus	VIRULENCE	VIRULENCE	NA	NA	BLASTP	1417	1416	99.93	92.16	1415	ABE05822.1	inverse autotransporter adhesin FdeC	NA	NA
hwtest	hwtest_04276	gnl|Bactopia|hwtest_31	643	2004	-	espK	type III secretion system effector EspK	plus	VIRULENCE	VIRULENCE	NA	NA	EXACTP	453	453	100.00	100.00	453	BAB34991.1	type III secretion system effector EspK	NA	NA
hwtest	hwtest_04315	gnl|Bactopia|hwtest_31	34066	34398	+	emrE	multidrug efflux SMR transporter EmrE	plus	STRESS	BIOCIDE	EFFLUX	EFFLUX	BLASTP	110	110	100.00	98.18	110	CAA77936.1	multidrug efflux SMR transporter EmrE	NF042984.1	multidrug efflux SMR transporter EmrE
hwtest	hwtest_04516	gnl|Bactopia|hwtest_37	11725	13692	-	etpD	variant type II secretion system secretin EtpD	plus	VIRULENCE	VIRULENCE	NA	NA	BLASTP	655	656	99.85	94.50	655	BAI33940.1	variant type II secretion system secretin EtpD	NA	NA
hwtest	hwtest_04525	gnl|Bactopia|hwtest_37	25224	29126	-	espP	serine protease autotransporter EspP	plus	VIRULENCE	VIRULENCE	NA	NA	EXACTP	1300	1300	100.00	100.00	1300	BAA31836.1	serine protease autotransporter EspP	NA	NA
hwtest	hwtest_04559	gnl|Bactopia|hwtest_39	542	10051	-	toxB	toxin B	plus	VIRULENCE	VIRULENCE	NA	NA	BLASTP	3169	3169	100.00	99.87	3169	BAA31815.1	toxin B	NA	NA
hwtest	NA	gnl|Bactopia|hwtest_4	46834	47367	+	lpfA1	long polar fimbria major subunit LpfA1	plus	VIRULENCE	VIRULENCE	NA	NA	EXACTX	178	178	100.00	100.00	178	OPH66324.1	long polar fimbria major subunit LpfA1	NA	NA
hwtest	hwtest_01582	gnl|Bactopia|hwtest_4	119903	120328	-	arsC	glutaredoxin-dependent arsenate reductase	plus	STRESS	METAL	ARSENIC	ARSENATE	BLASTP	141	141	100.00	94.33	141	AAA21096.1	glutaredoxin-dependent arsenate reductase	NF007456.1	glutaredoxin-dependent arsenate reductase
hwtest	hwtest_01584	gnl|Bactopia|hwtest_4	121684	122037	-	arsR	As(III)-sensing metalloregulatory transcriptional repressor ArsR	plus	STRESS	METAL	ARSENIC	ARSENIC	BLASTP	117	117	100.00	94.87	117	BAE77793.1	As(III)-sensing metalloregulatory transcriptional repressor ArsR	NA	NA
hwtest	hwtest_04697	gnl|Bactopia|hwtest_44	9376	10365	+	nleB	type III secretion system effector arginine glycosyltransferase NleB	plus	VIRULENCE	VIRULENCE	NA	NA	EXACTP	329	329	100.00	100.00	329	BAB37280.1	type III secretion system effector arginine glycosyltransferase NleB	NA	NA
hwtest	hwtest_04701	gnl|Bactopia|hwtest_45	302	2455	+	ehxA	enterohemolysin EhxA	plus	VIRULENCE	VIRULENCE	NA	NA	PARTIALP	717	998	71.84	100.00	717	BAA31774.1	enterohemolysin EhxA	NA	NA
hwtest	hwtest_01982	gnl|Bactopia|hwtest_5	236016	237035	-	nleC	type III secretion system effector zinc metalloprotease NleC	plus	VIRULENCE	VIRULENCE	NA	NA	BLASTP	339	330	100.00	100.00	330	AAG55141.1	type III secretion system effector zinc metalloprotease NleC	NA	NA
hwtest	hwtest_01983	gnl|Bactopia|hwtest_5	237069	238049	-	nleB2	type III secretion system effector arginine glycosyltransferase NleB2	plus	VIRULENCE	VIRULENCE	NA	NA	EXACTP	326	326	100.00	100.00	326	CAS08589.1	type III secretion system effector arginine glycosyltransferase NleB2	NA	NA
hwtest	hwtest_04802	gnl|Bactopia|hwtest_55	4300	5625	+	nleA	type III secretion system effector NleA	plus	VIRULENCE	VIRULENCE	NA	NA	EXACTP	441	441	100.00	100.00	441	AAK16940.1	type III secretion system effector NleA	NA	NA
hwtest	hwtest_04841	gnl|Bactopia|hwtest_60	2733	4943	+	katP	catalase/peroxidase KatP	plus	VIRULENCE	VIRULENCE	NA	NA	EXACTP	736	736	100.00	100.00	736	BAA31832.1	catalase/peroxidase KatP	NA	NA
hwtest	hwtest_02178	gnl|Bactopia|hwtest_7	18387	18695	+	asr	acid resistance repetitive basic protein Asr	plus	STRESS	ACID	NA	NA	BLASTP	102	102	100.00	99.02	102	BAA15331.2	acid resistance repetitive basic protein Asr	NF033636.1	acid resistance repetitive basic protein Asr
hwtest	hwtest_02542	gnl|Bactopia|hwtest_9	30507	31109	+	lpfA2	long polar fimbria major subunit LpfA2	plus	VIRULENCE	VIRULENCE	NA	NA	EXACTP	200	200	100.00	100.00	200	BAB38093.1	long polar fimbria major subunit LpfA2	NA	NA
hwtest	hwtest_02594	gnl|Bactopia|hwtest_9	89510	90694	-	emrD	multidrug efflux MFS transporter EmrD	plus	AMR	AMR	EFFLUX	EFFLUX	BLASTP	394	394	100.00	99.49	394	BAE77620.1	multidrug efflux MFS transporter EmrD	NA	NA
hwtest	hwtest_02646	gnl|Bactopia|hwtest_9	133485	135161	+	tir	type III secretion system LEE translocated intimin receptor Tir	plus	VIRULENCE	VIRULENCE	NA	NA	EXACTP	558	558	100.00	100.00	558	AAG58825.1	type III secretion system LEE translocated intimin receptor Tir	NF033637.1	type III secretion system LEE translocated intimin receptor Tir
hwtest	hwtest_02648	gnl|Bactopia|hwtest_9	135829	138633	+	eae	intimin type gamma	plus	VIRULENCE	VIRULENCE	INTIMIN	GAMMA	BLASTP	934	934	100.00	99.79	934	ACM67148.1	intimin type gamma	NF033627.3	intimin
hwtest	hwtest_02651	gnl|Bactopia|hwtest_9	141374	141952	+	espA	type III secretion system LEE translocon filament protein EspA	plus	VIRULENCE	VIRULENCE	NA	NA	EXACTP	192	192	100.00	100.00	192	CAA73506.1	type III secretion system LEE translocon filament protein EspA	NA	NA
hwtest	hwtest_02653	gnl|Bactopia|hwtest_9	143110	144048	+	espB	type III secretion system LEE translocon pore-forming subunit EspB	plus	VIRULENCE	VIRULENCE	NA	NA	EXACTP	312	312	100.00	100.00	312	AAG58818.1	type III secretion system LEE translocon pore-forming subunit EspB	NA	NA
